{
    "counter": {
        "ACTIVE": 4215,
        "INACTIVE": 55,
        "INVALID": 0,
        "MALICIOUS": 0,
        "SANE": 0,
        "VALID": 0,
        "total": 4270
    },
    "percentage": {
        "ACTIVE": 98.711943793911,
        "INACTIVE": 1.2944222169922335,
        "INVALID": 0,
        "MALICIOUS": 0,
        "SANE": 0,
        "VALID": 0,
        "total": 100.00636601090324
    }
}