{
    "counter": {
        "ACTIVE": 9033,
        "INACTIVE": 77,
        "INVALID": 0,
        "MALICIOUS": 0,
        "SANE": 0,
        "VALID": 0,
        "total": 9110
    },
    "percentage": {
        "ACTIVE": 99.15477497255763,
        "INACTIVE": 0.8803018177660912,
        "INVALID": 0,
        "MALICIOUS": 0,
        "SANE": 0,
        "VALID": 0,
        "total": 100.03507679032373
    }
}