{
    "counter": {
        "ACTIVE": 8959,
        "INACTIVE": 77,
        "INVALID": 0,
        "MALICIOUS": 0,
        "SANE": 0,
        "VALID": 0,
        "total": 9036
    },
    "percentage": {
        "ACTIVE": 99.14785303231518,
        "INACTIVE": 0.8803018177660912,
        "INVALID": 0,
        "MALICIOUS": 0,
        "SANE": 0,
        "VALID": 0,
        "total": 100.02815485008128
    }
}