{
    "counter": {
        "ACTIVE": 9621,
        "INACTIVE": 85,
        "INVALID": 0,
        "MALICIOUS": 0,
        "SANE": 0,
        "VALID": 0,
        "total": 9706
    },
    "percentage": {
        "ACTIVE": 99.1242530393571,
        "INACTIVE": 0.8878211823689158,
        "INVALID": 0,
        "MALICIOUS": 0,
        "SANE": 0,
        "VALID": 0,
        "total": 100.01207422172601
    }
}