{
    "counter": {
        "ACTIVE": 9056,
        "INACTIVE": 77,
        "INVALID": 0,
        "MALICIOUS": 0,
        "SANE": 0,
        "VALID": 0,
        "total": 9133
    },
    "percentage": {
        "ACTIVE": 99.15690353662542,
        "INACTIVE": 0.8803018177660912,
        "INVALID": 0,
        "MALICIOUS": 0,
        "SANE": 0,
        "VALID": 0,
        "total": 100.03720535439152
    }
}