{
    "counter": {
        "ACTIVE": 9388,
        "INACTIVE": 82,
        "INVALID": 0,
        "MALICIOUS": 0,
        "SANE": 0,
        "VALID": 0,
        "total": 9470
    },
    "percentage": {
        "ACTIVE": 99.13410770855333,
        "INACTIVE": 0.8662581871962814,
        "INVALID": 0,
        "MALICIOUS": 0,
        "SANE": 0,
        "VALID": 0,
        "total": 100.00036589574961
    }
}