{
    "counter": {
        "ACTIVE": 7006,
        "INACTIVE": 59,
        "INVALID": 0,
        "MALICIOUS": 0,
        "SANE": 0,
        "VALID": 0,
        "total": 7065
    },
    "percentage": {
        "ACTIVE": 99.16489738145789,
        "INACTIVE": 0.8365234651921168,
        "INVALID": 0,
        "MALICIOUS": 0,
        "SANE": 0,
        "VALID": 0,
        "total": 100.00142084665
    }
}