{
    "counter": {
        "ACTIVE": 7168,
        "INACTIVE": 61,
        "INVALID": 0,
        "MALICIOUS": 0,
        "SANE": 0,
        "VALID": 0,
        "total": 7229
    },
    "percentage": {
        "ACTIVE": 99.15617651127404,
        "INACTIVE": 0.8468693599888936,
        "INVALID": 0,
        "MALICIOUS": 0,
        "SANE": 0,
        "VALID": 0,
        "total": 100.00304587126293
    }
}