{
    "counter": {
        "ACTIVE": 8971,
        "INACTIVE": 77,
        "INVALID": 0,
        "MALICIOUS": 0,
        "SANE": 0,
        "VALID": 0,
        "total": 9048
    },
    "percentage": {
        "ACTIVE": 99.14898320070733,
        "INACTIVE": 0.8803018177660912,
        "INVALID": 0,
        "MALICIOUS": 0,
        "SANE": 0,
        "VALID": 0,
        "total": 100.02928501847343
    }
}