{
    "counter": {
        "ACTIVE": 8588,
        "INACTIVE": 75,
        "INVALID": 0,
        "MALICIOUS": 0,
        "SANE": 0,
        "VALID": 0,
        "total": 8663
    },
    "percentage": {
        "ACTIVE": 99.13424910539074,
        "INACTIVE": 0.8791466416598288,
        "INVALID": 0,
        "MALICIOUS": 0,
        "SANE": 0,
        "VALID": 0,
        "total": 100.01339574705057
    }
}