{
    "counter": {
        "ACTIVE": 6393,
        "INACTIVE": 109,
        "INVALID": 0,
        "MALICIOUS": 0,
        "SANE": 0,
        "VALID": 0,
        "total": 6502
    },
    "percentage": {
        "ACTIVE": 98.32359274069518,
        "INACTIVE": 1.6820987654320987,
        "INVALID": 0,
        "MALICIOUS": 0,
        "SANE": 0,
        "VALID": 0,
        "total": 100.00569150612728
    }
}