{
    "counter": {
        "ACTIVE": 6902,
        "INACTIVE": 51,
        "INVALID": 0,
        "MALICIOUS": 0,
        "SANE": 0,
        "VALID": 0,
        "total": 6953
    },
    "percentage": {
        "ACTIVE": 99.26650366748166,
        "INACTIVE": 0.7708585247883918,
        "INVALID": 0,
        "MALICIOUS": 0,
        "SANE": 0,
        "VALID": 0,
        "total": 100.03736219227005
    }
}