{
    "counter": {
        "ACTIVE": 7975,
        "INACTIVE": 72,
        "INVALID": 0,
        "MALICIOUS": 0,
        "SANE": 0,
        "VALID": 0,
        "total": 8047
    },
    "percentage": {
        "ACTIVE": 99.10525661737293,
        "INACTIVE": 0.9146341463414634,
        "INVALID": 0,
        "MALICIOUS": 0,
        "SANE": 0,
        "VALID": 0,
        "total": 100.0198907637144
    }
}