{
    "counter": {
        "ACTIVE": 7815,
        "INACTIVE": 72,
        "INVALID": 0,
        "MALICIOUS": 0,
        "SANE": 0,
        "VALID": 0,
        "total": 7887
    },
    "percentage": {
        "ACTIVE": 99.08710536325599,
        "INACTIVE": 0.9146341463414634,
        "INVALID": 0,
        "MALICIOUS": 0,
        "SANE": 0,
        "VALID": 0,
        "total": 100.00173950959746
    }
}