{
    "counter": {
        "ACTIVE": 6426,
        "INACTIVE": 111,
        "INVALID": 0,
        "MALICIOUS": 0,
        "SANE": 0,
        "VALID": 0,
        "total": 6537
    },
    "percentage": {
        "ACTIVE": 98.30197338228545,
        "INACTIVE": 1.7019319227230911,
        "INVALID": 0,
        "MALICIOUS": 0,
        "SANE": 0,
        "VALID": 0,
        "total": 100.00390530500854
    }
}