{
    "counter": {
        "ACTIVE": 8689,
        "INACTIVE": 77,
        "INVALID": 0,
        "MALICIOUS": 0,
        "SANE": 0,
        "VALID": 0,
        "total": 8766
    },
    "percentage": {
        "ACTIVE": 99.12160620579512,
        "INACTIVE": 0.8803018177660912,
        "INVALID": 0,
        "MALICIOUS": 0,
        "SANE": 0,
        "VALID": 0,
        "total": 100.00190802356121
    }
}