{
    "counter": {
        "ACTIVE": 6655,
        "INACTIVE": 51,
        "INVALID": 0,
        "MALICIOUS": 0,
        "SANE": 0,
        "VALID": 0,
        "total": 6706
    },
    "percentage": {
        "ACTIVE": 99.2394870265434,
        "INACTIVE": 0.7708585247883918,
        "INVALID": 0,
        "MALICIOUS": 0,
        "SANE": 0,
        "VALID": 0,
        "total": 100.0103455513318
    }
}