{
    "counter": {
        "ACTIVE": 8604,
        "INACTIVE": 75,
        "INVALID": 0,
        "MALICIOUS": 0,
        "SANE": 0,
        "VALID": 0,
        "total": 8679
    },
    "percentage": {
        "ACTIVE": 99.1358451434497,
        "INACTIVE": 0.8791466416598288,
        "INVALID": 0,
        "MALICIOUS": 0,
        "SANE": 0,
        "VALID": 0,
        "total": 100.01499178510953
    }
}