{
    "counter": {
        "ACTIVE": 8576,
        "INACTIVE": 75,
        "INVALID": 0,
        "MALICIOUS": 0,
        "SANE": 0,
        "VALID": 0,
        "total": 8651
    },
    "percentage": {
        "ACTIVE": 99.13304820251994,
        "INACTIVE": 0.8791466416598288,
        "INVALID": 0,
        "MALICIOUS": 0,
        "SANE": 0,
        "VALID": 0,
        "total": 100.01219484417977
    }
}