{
    "counter": {
        "ACTIVE": 7214,
        "INACTIVE": 62,
        "INVALID": 0,
        "MALICIOUS": 0,
        "SANE": 0,
        "VALID": 0,
        "total": 7276
    },
    "percentage": {
        "ACTIVE": 99.1478834524464,
        "INACTIVE": 0.8531718728498693,
        "INVALID": 0,
        "MALICIOUS": 0,
        "SANE": 0,
        "VALID": 0,
        "total": 100.00105532529626
    }
}