{
    "counter": {
        "ACTIVE": 7216,
        "INACTIVE": 62,
        "INVALID": 0,
        "MALICIOUS": 0,
        "SANE": 0,
        "VALID": 0,
        "total": 7278
    },
    "percentage": {
        "ACTIVE": 99.14811761472932,
        "INACTIVE": 0.8531718728498693,
        "INVALID": 0,
        "MALICIOUS": 0,
        "SANE": 0,
        "VALID": 0,
        "total": 100.00128948757919
    }
}