{
    "counter": {
        "ACTIVE": 7320,
        "INACTIVE": 62,
        "INVALID": 0,
        "MALICIOUS": 0,
        "SANE": 0,
        "VALID": 0,
        "total": 7382
    },
    "percentage": {
        "ACTIVE": 99.16011920888648,
        "INACTIVE": 0.8403361344537815,
        "INVALID": 0,
        "MALICIOUS": 0,
        "SANE": 0,
        "VALID": 0,
        "total": 100.00045534334026
    }
}