{
    "counter": {
        "ACTIVE": 7219,
        "INACTIVE": 61,
        "INVALID": 0,
        "MALICIOUS": 0,
        "SANE": 0,
        "VALID": 0,
        "total": 7280
    },
    "percentage": {
        "ACTIVE": 99.16208791208791,
        "INACTIVE": 0.8468693599888936,
        "INVALID": 0,
        "MALICIOUS": 0,
        "SANE": 0,
        "VALID": 0,
        "total": 100.0089572720768
    }
}