{
    "counter": {
        "ACTIVE": 6514,
        "INACTIVE": 50,
        "INVALID": 0,
        "MALICIOUS": 0,
        "SANE": 0,
        "VALID": 0,
        "total": 6564
    },
    "percentage": {
        "ACTIVE": 99.23826934795856,
        "INACTIVE": 0.7635919364691509,
        "INVALID": 0,
        "MALICIOUS": 0,
        "SANE": 0,
        "VALID": 0,
        "total": 100.00186128442772
    }
}