{
    "counter": {
        "ACTIVE": 6469,
        "INACTIVE": 47,
        "INVALID": 0,
        "MALICIOUS": 0,
        "SANE": 0,
        "VALID": 0,
        "total": 6516
    },
    "percentage": {
        "ACTIVE": 99.27869858809085,
        "INACTIVE": 0.7214121258633922,
        "INVALID": 0,
        "MALICIOUS": 0,
        "SANE": 0,
        "VALID": 0,
        "total": 100.00011071395424
    }
}