{
    "counter": {
        "ACTIVE": 7982,
        "INACTIVE": 72,
        "INVALID": 0,
        "MALICIOUS": 0,
        "SANE": 0,
        "VALID": 0,
        "total": 8054
    },
    "percentage": {
        "ACTIVE": 99.10603426868637,
        "INACTIVE": 0.9146341463414634,
        "INVALID": 0,
        "MALICIOUS": 0,
        "SANE": 0,
        "VALID": 0,
        "total": 100.02066841502784
    }
}