{
    "counter": {
        "ACTIVE": 7342,
        "INACTIVE": 68,
        "INVALID": 0,
        "MALICIOUS": 0,
        "SANE": 0,
        "VALID": 0,
        "total": 7410
    },
    "percentage": {
        "ACTIVE": 99.08232118758434,
        "INACTIVE": 0.9178026724254286,
        "INVALID": 0,
        "MALICIOUS": 0,
        "SANE": 0,
        "VALID": 0,
        "total": 100.00012386000977
    }
}