{
    "counter": {
        "ACTIVE": 9725,
        "INACTIVE": 88,
        "INVALID": 0,
        "MALICIOUS": 0,
        "SANE": 0,
        "VALID": 0,
        "total": 9813
    },
    "percentage": {
        "ACTIVE": 99.1032304086416,
        "INACTIVE": 0.9027492819039803,
        "INVALID": 0,
        "MALICIOUS": 0,
        "SANE": 0,
        "VALID": 0,
        "total": 100.00597969054557
    }
}