{
    "counter": {
        "ACTIVE": 6708,
        "INACTIVE": 51,
        "INVALID": 0,
        "MALICIOUS": 0,
        "SANE": 0,
        "VALID": 0,
        "total": 6759
    },
    "percentage": {
        "ACTIVE": 99.24545051043054,
        "INACTIVE": 0.7708585247883918,
        "INVALID": 0,
        "MALICIOUS": 0,
        "SANE": 0,
        "VALID": 0,
        "total": 100.01630903521894
    }
}