{
    "counter": {
        "ACTIVE": 8642,
        "INACTIVE": 75,
        "INVALID": 0,
        "MALICIOUS": 0,
        "SANE": 0,
        "VALID": 0,
        "total": 8717
    },
    "percentage": {
        "ACTIVE": 99.13961225192153,
        "INACTIVE": 0.8791466416598288,
        "INVALID": 0,
        "MALICIOUS": 0,
        "SANE": 0,
        "VALID": 0,
        "total": 100.01875889358136
    }
}