{
    "counter": {
        "ACTIVE": 6558,
        "INACTIVE": 50,
        "INVALID": 0,
        "MALICIOUS": 0,
        "SANE": 0,
        "VALID": 0,
        "total": 6608
    },
    "percentage": {
        "ACTIVE": 99.24334140435835,
        "INACTIVE": 0.7635919364691509,
        "INVALID": 0,
        "MALICIOUS": 0,
        "SANE": 0,
        "VALID": 0,
        "total": 100.0069333408275
    }
}