{
    "counter": {
        "ACTIVE": 8659,
        "INACTIVE": 75,
        "INVALID": 0,
        "MALICIOUS": 0,
        "SANE": 0,
        "VALID": 0,
        "total": 8734
    },
    "percentage": {
        "ACTIVE": 99.14128692466224,
        "INACTIVE": 0.8791466416598288,
        "INVALID": 0,
        "MALICIOUS": 0,
        "SANE": 0,
        "VALID": 0,
        "total": 100.02043356632207
    }
}