{
    "counter": {
        "ACTIVE": 1861,
        "INACTIVE": 49,
        "INVALID": 0,
        "MALICIOUS": 0,
        "SANE": 0,
        "VALID": 0,
        "total": 1910
    },
    "percentage": {
        "ACTIVE": 97.43455497382199,
        "INACTIVE": 2.6036131774707756,
        "INVALID": 0,
        "MALICIOUS": 0,
        "SANE": 0,
        "VALID": 0,
        "total": 100.03816815129277
    }
}