{
    "counter": {
        "ACTIVE": 262,
        "INACTIVE": 3,
        "INVALID": 0,
        "MALICIOUS": 0,
        "SANE": 0,
        "VALID": 0,
        "total": 265
    },
    "percentage": {
        "ACTIVE": 98.86792452830188,
        "INACTIVE": 1.1538461538461537,
        "INVALID": 0,
        "MALICIOUS": 0,
        "SANE": 0,
        "VALID": 0,
        "total": 100.02177068214804
    }
}