{
    "counter": {
        "ACTIVE": 6120,
        "INACTIVE": 40,
        "INVALID": 0,
        "MALICIOUS": 0,
        "SANE": 0,
        "VALID": 0,
        "total": 6160
    },
    "percentage": {
        "ACTIVE": 99.35064935064935,
        "INACTIVE": 0.663680106188817,
        "INVALID": 0,
        "MALICIOUS": 0,
        "SANE": 0,
        "VALID": 0,
        "total": 100.01432945683817
    }
}