{
    "counter": {
        "ACTIVE": 7175,
        "INACTIVE": 61,
        "INVALID": 0,
        "MALICIOUS": 0,
        "SANE": 0,
        "VALID": 0,
        "total": 7236
    },
    "percentage": {
        "ACTIVE": 99.15699281370924,
        "INACTIVE": 0.8468693599888936,
        "INVALID": 0,
        "MALICIOUS": 0,
        "SANE": 0,
        "VALID": 0,
        "total": 100.00386217369812
    }
}