{
    "counter": {
        "ACTIVE": 6836,
        "INACTIVE": 51,
        "INVALID": 0,
        "MALICIOUS": 0,
        "SANE": 0,
        "VALID": 0,
        "total": 6887
    },
    "percentage": {
        "ACTIVE": 99.25947437200523,
        "INACTIVE": 0.7708585247883918,
        "INVALID": 0,
        "MALICIOUS": 0,
        "SANE": 0,
        "VALID": 0,
        "total": 100.03033289679362
    }
}