{
    "counter": {
        "ACTIVE": 8967,
        "INACTIVE": 77,
        "INVALID": 0,
        "MALICIOUS": 0,
        "SANE": 0,
        "VALID": 0,
        "total": 9044
    },
    "percentage": {
        "ACTIVE": 99.14860681114551,
        "INACTIVE": 0.8803018177660912,
        "INVALID": 0,
        "MALICIOUS": 0,
        "SANE": 0,
        "VALID": 0,
        "total": 100.02890862891161
    }
}