{
    "counter": {
        "ACTIVE": 9193,
        "INACTIVE": 81,
        "INVALID": 0,
        "MALICIOUS": 0,
        "SANE": 0,
        "VALID": 0,
        "total": 9274
    },
    "percentage": {
        "ACTIVE": 99.12659046797498,
        "INACTIVE": 0.8770030316154179,
        "INVALID": 0,
        "MALICIOUS": 0,
        "SANE": 0,
        "VALID": 0,
        "total": 100.0035934995904
    }
}