{
    "counter": {
        "ACTIVE": 9394,
        "INACTIVE": 83,
        "INVALID": 0,
        "MALICIOUS": 0,
        "SANE": 0,
        "VALID": 0,
        "total": 9477
    },
    "percentage": {
        "ACTIVE": 99.12419542049172,
        "INACTIVE": 0.876174390372638,
        "INVALID": 0,
        "MALICIOUS": 0,
        "SANE": 0,
        "VALID": 0,
        "total": 100.00036981086436
    }
}