{
    "counter": {
        "ACTIVE": 8384,
        "INACTIVE": 73,
        "INVALID": 0,
        "MALICIOUS": 0,
        "SANE": 0,
        "VALID": 0,
        "total": 8457
    },
    "percentage": {
        "ACTIVE": 99.13680974340782,
        "INACTIVE": 0.8689441733127009,
        "INVALID": 0,
        "MALICIOUS": 0,
        "SANE": 0,
        "VALID": 0,
        "total": 100.00575391672052
    }
}