{
    "counter": {
        "ACTIVE": 271,
        "INACTIVE": 3,
        "INVALID": 0,
        "MALICIOUS": 0,
        "SANE": 0,
        "VALID": 0,
        "total": 274
    },
    "percentage": {
        "ACTIVE": 98.9051094890511,
        "INACTIVE": 1.1538461538461537,
        "INVALID": 0,
        "MALICIOUS": 0,
        "SANE": 0,
        "VALID": 0,
        "total": 100.05895564289726
    }
}