{
    "counter": {
        "ACTIVE": 6906,
        "INACTIVE": 51,
        "INVALID": 0,
        "MALICIOUS": 0,
        "SANE": 0,
        "VALID": 0,
        "total": 6957
    },
    "percentage": {
        "ACTIVE": 99.26692539887883,
        "INACTIVE": 0.7708585247883918,
        "INVALID": 0,
        "MALICIOUS": 0,
        "SANE": 0,
        "VALID": 0,
        "total": 100.03778392366722
    }
}