{
    "counter": {
        "ACTIVE": 7779,
        "INACTIVE": 71,
        "INVALID": 0,
        "MALICIOUS": 0,
        "SANE": 0,
        "VALID": 0,
        "total": 7850
    },
    "percentage": {
        "ACTIVE": 99.09554140127389,
        "INACTIVE": 0.9114249037227214,
        "INVALID": 0,
        "MALICIOUS": 0,
        "SANE": 0,
        "VALID": 0,
        "total": 100.00696630499661
    }
}