{
    "counter": {
        "ACTIVE": 9159,
        "INACTIVE": 81,
        "INVALID": 0,
        "MALICIOUS": 0,
        "SANE": 0,
        "VALID": 0,
        "total": 9240
    },
    "percentage": {
        "ACTIVE": 99.12337662337663,
        "INACTIVE": 0.8770030316154179,
        "INVALID": 0,
        "MALICIOUS": 0,
        "SANE": 0,
        "VALID": 0,
        "total": 100.00037965499205
    }
}