{
    "counter": {
        "ACTIVE": 8027,
        "INACTIVE": 72,
        "INVALID": 0,
        "MALICIOUS": 0,
        "SANE": 0,
        "VALID": 0,
        "total": 8099
    },
    "percentage": {
        "ACTIVE": 99.11100135819237,
        "INACTIVE": 0.9146341463414634,
        "INVALID": 0,
        "MALICIOUS": 0,
        "SANE": 0,
        "VALID": 0,
        "total": 100.02563550453384
    }
}