{
    "counter": {
        "ACTIVE": 6950,
        "INACTIVE": 53,
        "INVALID": 0,
        "MALICIOUS": 0,
        "SANE": 0,
        "VALID": 0,
        "total": 7003
    },
    "percentage": {
        "ACTIVE": 99.24318149364558,
        "INACTIVE": 0.7569265924021709,
        "INVALID": 0,
        "MALICIOUS": 0,
        "SANE": 0,
        "VALID": 0,
        "total": 100.00010808604775
    }
}