{
    "counter": {
        "ACTIVE": 9057,
        "INACTIVE": 78,
        "INVALID": 0,
        "MALICIOUS": 0,
        "SANE": 0,
        "VALID": 0,
        "total": 9135
    },
    "percentage": {
        "ACTIVE": 99.14614121510674,
        "INACTIVE": 0.8539522662579374,
        "INVALID": 0,
        "MALICIOUS": 0,
        "SANE": 0,
        "VALID": 0,
        "total": 100.00009348136467
    }
}