{
    "counter": {
        "ACTIVE": 6498,
        "INACTIVE": 48,
        "INVALID": 0,
        "MALICIOUS": 0,
        "SANE": 0,
        "VALID": 0,
        "total": 6546
    },
    "percentage": {
        "ACTIVE": 99.26672777268561,
        "INACTIVE": 0.7340571952897996,
        "INVALID": 0,
        "MALICIOUS": 0,
        "SANE": 0,
        "VALID": 0,
        "total": 100.0007849679754
    }
}