{
    "counter": {
        "ACTIVE": 7322,
        "INACTIVE": 62,
        "INVALID": 0,
        "MALICIOUS": 0,
        "SANE": 0,
        "VALID": 0,
        "total": 7384
    },
    "percentage": {
        "ACTIVE": 99.16034669555796,
        "INACTIVE": 0.8403361344537815,
        "INVALID": 0,
        "MALICIOUS": 0,
        "SANE": 0,
        "VALID": 0,
        "total": 100.00068283001174
    }
}