{
    "counter": {
        "ACTIVE": 8382,
        "INACTIVE": 73,
        "INVALID": 0,
        "MALICIOUS": 0,
        "SANE": 0,
        "VALID": 0,
        "total": 8455
    },
    "percentage": {
        "ACTIVE": 99.13660555884093,
        "INACTIVE": 0.8689441733127009,
        "INVALID": 0,
        "MALICIOUS": 0,
        "SANE": 0,
        "VALID": 0,
        "total": 100.00554973215363
    }
}