{
    "counter": {
        "ACTIVE": 8244,
        "INACTIVE": 72,
        "INVALID": 0,
        "MALICIOUS": 0,
        "SANE": 0,
        "VALID": 0,
        "total": 8316
    },
    "percentage": {
        "ACTIVE": 99.13419913419914,
        "INACTIVE": 0.9146341463414634,
        "INVALID": 0,
        "MALICIOUS": 0,
        "SANE": 0,
        "VALID": 0,
        "total": 100.0488332805406
    }
}