{
    "counter": {
        "ACTIVE": 7346,
        "INACTIVE": 68,
        "INVALID": 0,
        "MALICIOUS": 0,
        "SANE": 0,
        "VALID": 0,
        "total": 7414
    },
    "percentage": {
        "ACTIVE": 99.08281629349878,
        "INACTIVE": 0.9178026724254286,
        "INVALID": 0,
        "MALICIOUS": 0,
        "SANE": 0,
        "VALID": 0,
        "total": 100.0006189659242
    }
}