{
    "counter": {
        "ACTIVE": 7138,
        "INACTIVE": 60,
        "INVALID": 0,
        "MALICIOUS": 0,
        "SANE": 0,
        "VALID": 0,
        "total": 7198
    },
    "percentage": {
        "ACTIVE": 99.16643512086691,
        "INACTIVE": 0.8480565371024735,
        "INVALID": 0,
        "MALICIOUS": 0,
        "SANE": 0,
        "VALID": 0,
        "total": 100.01449165796939
    }
}