{
    "counter": {
        "ACTIVE": 9097,
        "INACTIVE": 80,
        "INVALID": 0,
        "MALICIOUS": 0,
        "SANE": 0,
        "VALID": 0,
        "total": 9177
    },
    "percentage": {
        "ACTIVE": 99.1282554211616,
        "INACTIVE": 0.8746036952006122,
        "INVALID": 0,
        "MALICIOUS": 0,
        "SANE": 0,
        "VALID": 0,
        "total": 100.0028591163622
    }
}