{
    "counter": {
        "ACTIVE": 8523,
        "INACTIVE": 75,
        "INVALID": 0,
        "MALICIOUS": 0,
        "SANE": 0,
        "VALID": 0,
        "total": 8598
    },
    "percentage": {
        "ACTIVE": 99.12770411723656,
        "INACTIVE": 0.8791466416598288,
        "INVALID": 0,
        "MALICIOUS": 0,
        "SANE": 0,
        "VALID": 0,
        "total": 100.00685075889639
    }
}